{"irr":0.26203195626347653,"multiple":7.0756405539082,"roi":6.0756405539082,"dpi":7.0756405539082,"tvpi":7.0756405539082,"payback_period":5.9424441704881}
{"0":{"capital_calls":100000000.0,"loan_deployments":-33950775.650530845,"origination_fees":679015.5130106169,"interest_income":1697538.7825265422,"appreciation_income":0.0,"exit_proceeds":0.0,"management_fees":-2000000.0,"fund_expenses":0.0,"reinvestment":0.0,"idle_cash_income":0.0,"net_cash_flow":100376554.29553716,"cumulative_cash_flow":100376554.29553716,"cash_balance":100376554.29553716,"market_conditions":{"appreciation_rate":0.03,"default_rate":0.01}},"1":{"capital_calls":0.0,"loan_deployments":-33290474.473855846,"origination_fees":665809.489477117,"interest_income":3263494.9075973933,"appreciation_income":1075699.1721880771,"exit_proceeds":6668657.714487604,"management_fees":-2000000.0,"fund_expenses":-500000.0,"reinvestment":-6609943.911407551,"idle_cash_income":0.0,"net_cash_flow":2563717.3723426405,"cumulative_cash_flow":102940271.6678798,"cash_balance":98360393.53199114,"market_conditions":null},"2":{"capital_calls":0.0,"loan_deployments":-33147164.653736174,"origination_fees":662943.2930747234,"interest_income":4748049.9027623,"appreciation_income":1981861.7225937194,"exit_proceeds":18733966.952916827,"management_fees":-2000000.0,"fund_expenses":-500000.0,"reinvestment":-18361656.46283242,"idle_cash_income":0.0,"net_cash_flow":5265165.408515147,"cumulative_cash_flow":108205437.07639495,"cash_balance":100223385.96241246,"market_conditions":null},"3":{"capital_calls":0.0,"loan_deployments":0.0,"origination_fees":0.0,"interest_income":4580490.294231476,"appreciation_income":2835156.789450701,"exit_proceeds":31820643.78527539,"management_fees":-2000000.0,"fund_expenses":-500000.0,"reinvestment":-30779075.917693682,"idle_cash_income":0.0,"net_cash_flow":5957214.951263884,"cumulative_cash_flow":114162652.02765884,"cash_balance":105765682.12091136,"market_conditions":null},"4":{"capital_calls":0.0,"loan_deployments":0.0,"origination_fees":0.0,"interest_income":4475028.563359919,"appreciation_income":2847727.980683072,"exit_proceeds":41695750.04075229,"management_fees":-2000000.0,"fund_expenses":-500000.0,"reinvestment":-39720024.07021348,"idle_cash_income":0.0,"net_cash_flow":6798482.514581798,"cumulative_cash_flow":120961134.54224063,"cash_balance":115063579.11010908,"market_conditions":null},"5":{"capital_calls":0.0,"loan_deployments":0.0,"origination_fees":0.0,"interest_income":4351913.234089402,"appreciation_income":2852236.828188578,"exit_proceeds":54178088.05985498,"management_fees":-2000000.0,"fund_expenses":-500000.0,"reinvestment":-50897842.03618237,"idle_cash_income":0.0,"net_cash_flow":7984396.08595059,"cumulative_cash_flow":128945530.62819122,"cash_balance":121534539.30076648,"market_conditions":null},"6":{"capital_calls":0.0,"loan_deployments":0.0,"origination_fees":0.0,"interest_income":3657531.5494201314,"appreciation_income":2489866.3477693307,"exit_proceeds":72145976.29318954,"management_fees":-2000000.0,"fund_expenses":-500000.0,"reinvestment":0.0,"idle_cash_income":0.0,"net_cash_flow":75793374.190379,"cumulative_cash_flow":204738904.81857023,"cash_balance":204738904.81857023,"market_conditions":null},"7":{"capital_calls":0.0,"loan_deployments":0.0,"origination_fees":0.0,"interest_income":3023443.889199414,"appreciation_income":2145660.7428250336,"exit_proceeds":89398773.2440942,"management_fees":-2000000.0,"fund_expenses":-500000.0,"reinvestment":0.0,"idle_cash_income":0.0,"net_cash_flow":92067877.87611865,"cumulative_cash_flow":296806782.69468886,"cash_balance":296806782.69468886,"market_conditions":null},"8":{"capital_calls":0.0,"loan_deployments":0.0,"origination_fees":0.0,"interest_income":2449069.9965566536,"appreciation_income":1726535.7095876995,"exit_proceeds":106137404.73805027,"management_fees":-2000000.0,"fund_expenses":-500000.0,"reinvestment":0.0,"idle_cash_income":0.0,"net_cash_flow":107813010.44419463,"cumulative_cash_flow":404619793.1388835,"cash_balance":404619793.1388835,"market_conditions":null},"9":{"capital_calls":0.0,"loan_deployments":0.0,"origination_fees":0.0,"interest_income":1463864.8477942527,"appreciation_income":1057703.386238215,"exit_proceeds":132968597.15866622,"management_fees":-2000000.0,"fund_expenses":-500000.0,"reinvestment":0.0,"idle_cash_income":0.0,"net_cash_flow":132990165.39269869,"cumulative_cash_flow":537609958.5315821,"cash_balance":537609958.5315821,"market_conditions":null},"10":{"capital_calls":0.0,"loan_deployments":0.0,"origination_fees":0.0,"interest_income":0,"appreciation_income":0.0,"exit_proceeds":172454096.8592379,"management_fees":-2000000.0,"fund_expenses":-500000.0,"reinvestment":0.0,"idle_cash_income":0.0,"net_cash_flow":169954096.8592379,"cumulative_cash_flow":707564055.39082,"cash_balance":707564055.39082,"market_conditions":null},"11":{"capital_calls":0.0,"loan_deployments":0.0,"origination_fees":0.0,"interest_income":0.0,"appreciation_income":0.0,"exit_proceeds":0.0,"management_fees":0.0,"fund_expenses":0.0,"reinvestment":0.0,"idle_cash_income":0.0,"net_cash_flow":0.0,"cumulative_cash_flow":707564055.39082,"cash_balance":707564055.39082,"market_conditions":null},"12":{"capital_calls":0.0,"loan_deployments":0.0,"origination_fees":0.0,"interest_income":0.0,"appreciation_income":0.0,"exit_proceeds":0.0,"management_fees":0.0,"fund_expenses":0.0,"reinvestment":0.0,"idle_cash_income":0.0,"net_cash_flow":0.0,"cumulative_cash_flow":707564055.39082,"cash_balance":707564055.39082,"market_conditions":null},"13":{"capital_calls":0.0,"loan_deployments":0.0,"origination_fees":0.0,"interest_income":0.0,"appreciation_income":0.0,"exit_proceeds":0.0,"management_fees":0.0,"fund_expenses":0.0,"reinvestment":0.0,"idle_cash_income":0.0,"net_cash_flow":0.0,"cumulative_cash_flow":707564055.39082,"cash_balance":707564055.39082,"market_conditions":null},"14":{"capital_calls":0.0,"loan_deployments":0.0,"origination_fees":0.0,"interest_income":0.0,"appreciation_income":0.0,"exit_proceeds":0.0,"management_fees":0.0,"fund_expenses":0.0,"reinvestment":0.0,"idle_cash_income":0.0,"net_cash_flow":0.0,"cumulative_cash_flow":707564055.39082,"cash_balance":707564055.39082,"market_conditions":null},"15":{"capital_calls":0.0,"loan_deployments":0.0,"origination_fees":0.0,"interest_income":0.0,"appreciation_income":0.0,"exit_proceeds":0.0,"management_fees":0.0,"fund_expenses":0.0,"reinvestment":0.0,"idle_cash_income":0.0,"net_cash_flow":0.0,"cumulative_cash_flow":707564055.39082,"cash_balance":707564055.39082,"market_conditions":null}}
